<environmentvariabledefinition schemaname="woi_SpotifyIssueSongUri">
  <defaultvalue>spotify:track:0R8P9KfGJCDULmlEoBagcO</defaultvalue>
  <description default="The song to play when a driver has an issue">
    <label description="The song to play when a driver has an issue" languagecode="1033" />
  </description>
  <displayname default="Spotify Issue Song Uri">
    <label description="Spotify Issue Song Uri" languagecode="1033" />
  </displayname>
  <introducedversion>1.0.0.0</introducedversion>
  <iscustomizable>1</iscustomizable>
  <isrequired>0</isrequired>
  <type>100000000</type>
</environmentvariabledefinition>