{"properties":{"connectionReferences":{"shared_woi-5fazure-20maps-5f4a4f297502bd21f1_1":{"runtimeSource":"embedded","connection":{"connectionReferenceLogicalName":"new_sharedwoi5fazure20maps5f4a4f297502bd21f1_12620"},"api":{"name":"shared_woi-5Fazure-20maps-5F4a4f297502bd21f1","logicalName":"woi_5Fazure-20maps"}}},"definition":{"$schema":"https://schema.management.azure.com/providers/Microsoft.Logic/schemas/2016-06-01/workflowdefinition.json#","contentVersion":"1.0.0.0","parameters":{"$connections":{"defaultValue":{},"type":"Object"},"$authentication":{"defaultValue":{},"type":"SecureObject"}},"triggers":{"manual":{"type":"Request","kind":"Button","inputs":{"schema":{"type":"object","properties":{"text":{"title":"Lat","type":"string","x-ms-dynamically-added":true,"description":"Please enter your input","x-ms-content-hint":"TEXT"},"text_1":{"title":"Lon","type":"string","x-ms-dynamically-added":true,"description":"Please enter your input","x-ms-content-hint":"TEXT"},"location":{"type":"object","properties":{"coordinates":{"type":"object","properties":{"latitude":{"title":"Latitude","type":"number","x-ms-dynamically-added":false},"longitude":{"title":"Longitude","type":"number","x-ms-dynamically-added":false}},"required":["latitude","longitude"]}},"required":["coordinates"]}},"required":["text","text_1","location"]}}}},"actions":{"Get_nearby_petrol_stations":{"runAfter":{},"type":"OpenApiConnection","inputs":{"host":{"apiId":"","connectionName":"shared_woi-5fazure-20maps-5f4a4f297502bd21f1_1","operationId":"GetNearbyPetrolStations"},"parameters":{"lat":"@triggerBody()['location']['coordinates']['latitude']","lon":"@triggerBody()['location']['coordinates']['longitude']","radius":1000},"authentication":{"value":"@json(decodeBase64(triggerOutputs().headers['X-MS-APIM-Tokens']))['$ConnectionKey']","type":"Raw"}}},"Respond_to_a_PowerApp_or_flow":{"runAfter":{"Get_nearby_petrol_stations":["Succeeded"]},"type":"Response","kind":"PowerApp","inputs":{"statusCode":200,"body":{"body":"@{outputs('Get_nearby_petrol_stations')?['body']}"},"schema":{"type":"object","properties":{"body":{"title":"Body","x-ms-dynamically-added":true,"type":"string"}}}}}}}},"schemaVersion":"1.0.0.0"}