<ImportExportXml version="9.2.21092.145" SolutionPackageVersion="9.2" languagecode="1033" generatedBy="CrmLive" xmlns:xsi="http://www.w3.org/2001/XMLSchema-instance">
  <SolutionManifest>
    <UniqueName>PetrolPush</UniqueName>
    <LocalizedNames>
      <LocalizedName description="PetrolPush" languagecode="1033" />
    </LocalizedNames>
    <Descriptions />
    <Version>1.0.0.3</Version>
    <Managed>0</Managed>
    <Publisher>
      <UniqueName>WorkingOnIt</UniqueName>
      <LocalizedNames>
        <LocalizedName description="Working On It" languagecode="1033" />
      </LocalizedNames>
      <Descriptions />
      <EMailAddress xsi:nil="true"></EMailAddress>
      <SupportingWebsiteUrl xsi:nil="true"></SupportingWebsiteUrl>
      <CustomizationPrefix>woi</CustomizationPrefix>
      <CustomizationOptionValuePrefix>10000</CustomizationOptionValuePrefix>
      <Addresses>
        <Address>
          <AddressNumber>1</AddressNumber>
          <AddressTypeCode>1</AddressTypeCode>
          <City xsi:nil="true"></City>
          <County xsi:nil="true"></County>
          <Country xsi:nil="true"></Country>
          <Fax xsi:nil="true"></Fax>
          <FreightTermsCode xsi:nil="true"></FreightTermsCode>
          <ImportSequenceNumber xsi:nil="true"></ImportSequenceNumber>
          <Latitude xsi:nil="true"></Latitude>
          <Line1 xsi:nil="true"></Line1>
          <Line2 xsi:nil="true"></Line2>
          <Line3 xsi:nil="true"></Line3>
          <Longitude xsi:nil="true"></Longitude>
          <Name xsi:nil="true"></Name>
          <PostalCode xsi:nil="true"></PostalCode>
          <PostOfficeBox xsi:nil="true"></PostOfficeBox>
          <PrimaryContactName xsi:nil="true"></PrimaryContactName>
          <ShippingMethodCode>1</ShippingMethodCode>
          <StateOrProvince xsi:nil="true"></StateOrProvince>
          <Telephone1 xsi:nil="true"></Telephone1>
          <Telephone2 xsi:nil="true"></Telephone2>
          <Telephone3 xsi:nil="true"></Telephone3>
          <TimeZoneRuleVersionNumber xsi:nil="true"></TimeZoneRuleVersionNumber>
          <UPSZone xsi:nil="true"></UPSZone>
          <UTCOffset xsi:nil="true"></UTCOffset>
          <UTCConversionTimeZoneCode xsi:nil="true"></UTCConversionTimeZoneCode>
        </Address>
        <Address>
          <AddressNumber>2</AddressNumber>
          <AddressTypeCode>1</AddressTypeCode>
          <City xsi:nil="true"></City>
          <County xsi:nil="true"></County>
          <Country xsi:nil="true"></Country>
          <Fax xsi:nil="true"></Fax>
          <FreightTermsCode xsi:nil="true"></FreightTermsCode>
          <ImportSequenceNumber xsi:nil="true"></ImportSequenceNumber>
          <Latitude xsi:nil="true"></Latitude>
          <Line1 xsi:nil="true"></Line1>
          <Line2 xsi:nil="true"></Line2>
          <Line3 xsi:nil="true"></Line3>
          <Longitude xsi:nil="true"></Longitude>
          <Name xsi:nil="true"></Name>
          <PostalCode xsi:nil="true"></PostalCode>
          <PostOfficeBox xsi:nil="true"></PostOfficeBox>
          <PrimaryContactName xsi:nil="true"></PrimaryContactName>
          <ShippingMethodCode>1</ShippingMethodCode>
          <StateOrProvince xsi:nil="true"></StateOrProvince>
          <Telephone1 xsi:nil="true"></Telephone1>
          <Telephone2 xsi:nil="true"></Telephone2>
          <Telephone3 xsi:nil="true"></Telephone3>
          <TimeZoneRuleVersionNumber xsi:nil="true"></TimeZoneRuleVersionNumber>
          <UPSZone xsi:nil="true"></UPSZone>
          <UTCOffset xsi:nil="true"></UTCOffset>
          <UTCConversionTimeZoneCode xsi:nil="true"></UTCConversionTimeZoneCode>
        </Address>
      </Addresses>
    </Publisher>
    <RootComponents>
      <RootComponent type="1" schemaName="systemuser" behavior="0" />
      <RootComponent type="1" schemaName="woi_availability" behavior="0" />
      <RootComponent type="1" schemaName="woi_button" behavior="0" />
      <RootComponent type="1" schemaName="woi_petrolstation" behavior="0" />
      <RootComponent type="9" schemaName="woi_status" behavior="0" />
      <RootComponent type="29" id="{24610494-ad2d-ec11-b6e5-000d3a27d6e2}" behavior="0" />
      <RootComponent type="29" id="{cd7c0c31-a32d-ec11-b6e5-000d3a27d6e2}" behavior="0" />
      <RootComponent type="29" id="{d15bc12c-b52d-ec11-b6e5-000d3a27d6e2}" behavior="0" />
      <RootComponent type="300" schemaName="woi_petrolpush_1a7d0" behavior="0" />
      <RootComponent type="372" id="{2db44565-a9a8-4c62-964b-15a0addeb216}" schemaName="woi_5Fazure-20maps" behavior="0" />
      <RootComponent type="372" id="{04d24585-95e8-4826-9379-4d61e0b86c9b}" schemaName="woi_5Fspotify" behavior="0" />
    </RootComponents>
    <MissingDependencies>
      <MissingDependency>
        <Required type="1" schemaName="appusersetting" displayName="Model-Driven App User Setting" solution="AppModule (9.1.21084.210823001)" />
        <Dependent type="1" schemaName="systemuser" displayName="User" />
      </MissingDependency>
      <MissingDependency>
        <Required type="1" schemaName="bot" displayName="Chatbot" solution="PowerVirtualAgents (2.0.0.43)">
          <package>msdynce_CustomerCareIntelligenceBots_Anchor (2.0.0.43)</package>
        </Required>
        <Dependent type="1" schemaName="systemuser" displayName="User" />
      </MissingDependency>
      <MissingDependency>
        <Required type="1" schemaName="msdyn_agentstatushistory" displayName="Agent Status history" solution="msdyn_OmnichannelBasePatch (1.5.16.1162)" />
        <Dependent type="1" schemaName="systemuser" displayName="User" />
      </MissingDependency>
      <MissingDependency>
        <Required type="1" schemaName="msdyn_approvalset" displayName="Approval Set" solution="msdyn_ProjectService_Patch_1 (3.10.56.110)" />
        <Dependent type="1" schemaName="systemuser" displayName="User" />
      </MissingDependency>
      <MissingDependency>
        <Required type="1" schemaName="msdyn_expense" displayName="Expense" solution="ProjectService (3.10.0.31)" />
        <Dependent type="1" schemaName="systemuser" displayName="User" />
      </MissingDependency>
      <MissingDependency>
        <Required type="1" schemaName="msdyn_fieldservicesystemjob" displayName="Field Service System Job" solution="FieldService (8.8.0.88)" />
        <Dependent type="1" schemaName="systemuser" displayName="User" />
      </MissingDependency>
      <MissingDependency>
        <Required type="1" schemaName="msdyn_geolocationtracking" displayName="Geolocation Tracking" solution="msdyn_Geolocation (1.0.0.105)" />
        <Dependent type="1" schemaName="systemuser" displayName="User" />
      </MissingDependency>
      <MissingDependency>
        <Required type="1" schemaName="msdyn_liveconversation" displayName="Ongoing conversation (Deprecated)" solution="OmnichannelBase (1.5.0.383)" />
        <Dependent type="1" schemaName="systemuser" displayName="User" />
      </MissingDependency>
      <MissingDependency>
        <Required type="1" schemaName="msdyn_liveworkstream" displayName="Work Stream" solution="OmnichannelBase (1.5.0.383)" />
        <Dependent type="1" schemaName="systemuser" displayName="User" />
      </MissingDependency>
      <MissingDependency>
        <Required type="1" schemaName="msdyn_ocliveworkitem" displayName="Conversation" solution="OmnichannelBase (1.5.0.383)" />
        <Dependent type="1" schemaName="systemuser" displayName="User" />
      </MissingDependency>
      <MissingDependency>
        <Required type="1" schemaName="msdyn_ocliveworkitemcharacteristic" displayName="Conversation Characteristic" solution="OmnichannelSBR (1.5.0.18)" />
        <Dependent type="1" schemaName="systemuser" displayName="User" />
      </MissingDependency>
      <MissingDependency>
        <Required type="1" schemaName="msdyn_ocliveworkitemparticipant" displayName="Live Work Item Participant (Deprecated)" solution="OmnichannelBase (1.5.0.383)" />
        <Dependent type="1" schemaName="systemuser" displayName="User" />
      </MissingDependency>
      <MissingDependency>
        <Required type="1" schemaName="msdyn_ocphonenumber" displayName="Phone Number" solution="OmnichannelCommunicationBase (1.5.0.123)" />
        <Dependent type="10" schemaName="msdyn_msdyn_ocphonenumber_systemuser_phonenumberid" displayName="msdyn_msdyn_ocphonenumber_systemuser_phonenumberid" parentSchemaName="msdyn_ocphonenumber" parentDisplayName="Phone Number" />
      </MissingDependency>
      <MissingDependency>
        <Required type="1" schemaName="msdyn_ocruleitem" displayName="Rule Item" solution="OmnichannelBase (1.5.0.383)" />
        <Dependent type="1" schemaName="systemuser" displayName="User" />
      </MissingDependency>
      <MissingDependency>
        <Required type="1" schemaName="msdyn_ocsitrainingdata" displayName="Training record" solution="OCISBR (1.0.0.1320)" />
        <Dependent type="1" schemaName="systemuser" displayName="User" />
      </MissingDependency>
      <MissingDependency>
        <Required type="1" schemaName="msdyn_presence" displayName="Presence" solution="OmnichannelBase (1.5.0.383)" />
        <Dependent type="10" schemaName="msdyn_msdyn_presence_systemuser" displayName="msdyn_msdyn_presence_systemuser" parentSchemaName="msdyn_presence" parentDisplayName="Presence" />
      </MissingDependency>
      <MissingDependency>
        <Required type="1" schemaName="msdyn_project" displayName="Project" solution="ProjectService (3.10.0.31)" />
        <Dependent type="1" schemaName="systemuser" displayName="User" />
      </MissingDependency>
      <MissingDependency>
        <Required type="1" schemaName="msdyn_projectapproval" displayName="Project Approval" solution="ProjectService (3.10.0.31)" />
        <Dependent type="1" schemaName="systemuser" displayName="User" />
      </MissingDependency>
      <MissingDependency>
        <Required type="1" schemaName="msdyn_purchaseorder" displayName="Purchase Order" solution="FieldServiceCommon (1.0.0.134)" />
        <Dependent type="1" schemaName="systemuser" displayName="User" />
      </MissingDependency>
      <MissingDependency>
        <Required type="1" schemaName="msdyn_purchaseorderreceipt" displayName="Purchase Order Receipt" solution="FieldServiceCommon (1.0.0.134)" />
        <Dependent type="1" schemaName="systemuser" displayName="User" />
      </MissingDependency>
      <MissingDependency>
        <Required type="1" schemaName="msdyn_resourceassignment" displayName="Resource Assignment" solution="ProjectService (3.10.0.31)" />
        <Dependent type="1" schemaName="systemuser" displayName="User" />
      </MissingDependency>
      <MissingDependency>
        <Required type="1" schemaName="msdyn_resourcerequest" displayName="Resource Request" solution="ProjectService (3.10.0.31)" />
        <Dependent type="1" schemaName="systemuser" displayName="User" />
      </MissingDependency>
      <MissingDependency>
        <Required type="1" schemaName="msdyn_rma" displayName="RMA" solution="FieldService (8.8.0.88)" />
        <Dependent type="1" schemaName="systemuser" displayName="User" />
      </MissingDependency>
      <MissingDependency>
        <Required type="1" schemaName="msdyn_rmareceipt" displayName="RMA Receipt" solution="FieldService (8.8.0.88)" />
        <Dependent type="1" schemaName="systemuser" displayName="User" />
      </MissingDependency>
      <MissingDependency>
        <Required type="1" schemaName="msdyn_rtv" displayName="RTV" solution="FieldService (8.8.0.88)" />
        <Dependent type="1" schemaName="systemuser" displayName="User" />
      </MissingDependency>
      <MissingDependency>
        <Required type="1" schemaName="msdyn_sessionparticipant" displayName="Session participant" solution="OmnichannelBase (1.5.0.383)" />
        <Dependent type="1" schemaName="systemuser" displayName="User" />
      </MissingDependency>
      <MissingDependency>
        <Required type="1" schemaName="msdyn_systemuserschedulersetting" displayName="System User Scheduler Setting" solution="MicrosoftDynamicsScheduling (3.12.0.448)" />
        <Dependent type="1" schemaName="systemuser" displayName="User" />
      </MissingDependency>
      <MissingDependency>
        <Required type="1" schemaName="msdyn_timeentry" displayName="Time Entry" solution="msdyn_TESA (1.1.0.26)" />
        <Dependent type="1" schemaName="systemuser" displayName="User" />
      </MissingDependency>
      <MissingDependency>
        <Required type="1" schemaName="msdyn_timeoffrequest" displayName="Time Off Request" solution="FieldService (8.8.0.88)" />
        <Dependent type="1" schemaName="systemuser" displayName="User" />
      </MissingDependency>
      <MissingDependency>
        <Required type="1" schemaName="msdyn_unifiedroutingrun" displayName="Unified routing run" solution="DecisionEngine (1.0.0.1339)" />
        <Dependent type="1" schemaName="systemuser" displayName="User" />
      </MissingDependency>
      <MissingDependency>
        <Required type="1" schemaName="msdyn_wallsavedqueryusersettings" displayName="Filter" solution="ActivityFeedsCore (9.0.0.0005)" />
        <Dependent type="1" schemaName="systemuser" displayName="User" />
      </MissingDependency>
      <MissingDependency>
        <Required type="1" schemaName="msdyn_workorder" displayName="Work Order" solution="FieldService (8.8.0.88)" />
        <Dependent type="1" schemaName="systemuser" displayName="User" />
      </MissingDependency>
      <MissingDependency>
        <Required type="1" schemaName="msdyusd_configuration" displayName="Configuration" solution="DynamicsUnifiedServiceDesk (4.1.1.1397)" />
        <Dependent type="10" schemaName="msdyusd_configuration_users" displayName="msdyusd_configuration_users" parentSchemaName="msdyusd_configuration" parentDisplayName="Configuration" />
      </MissingDependency>
      <MissingDependency>
        <Required type="1" schemaName="msdyusd_usersettings" displayName="User Setting" solution="DynamicsUnifiedServiceDesk (4.1.1.1397)" />
        <Dependent type="1" schemaName="systemuser" displayName="User" />
      </MissingDependency>
      <MissingDependency>
        <Required type="1" schemaName="msfp_survey" displayName="Customer Voice survey" solution="MicrosoftFormsPro (2.0.0.25)">
          <package>MicrosoftFormsPro (2.0.0.25)</package>
        </Required>
        <Dependent type="1" schemaName="systemuser" displayName="User" />
      </MissingDependency>
      <MissingDependency>
        <Required type="1" schemaName="opportunity" displayName="Opportunity" solution="msdynce_Sales (9.0.4.0076)" />
        <Dependent type="1" schemaName="systemuser" displayName="User" />
      </MissingDependency>
      <MissingDependency>
        <Required type="1" schemaName="quote" displayName="Quote" solution="msdynce_Sales (9.0.4.0076)" />
        <Dependent type="1" schemaName="systemuser" displayName="User" />
      </MissingDependency>
      <MissingDependency>
        <Required type="1" schemaName="salesorder" displayName="Order" solution="msdynce_Sales (9.0.4.0076)" />
        <Dependent type="1" schemaName="systemuser" displayName="User" />
      </MissingDependency>
      <MissingDependency>
        <Required type="1" schemaName="uii_sessiontransfer" displayName="UII Session Transfer" solution="UiiForMicrosoftDynamicsCRM2011 (4.1.1.1397)" />
        <Dependent type="1" schemaName="systemuser" displayName="User" />
      </MissingDependency>
      <MissingDependency>
        <Required type="1" schemaName="usermobileofflineprofilemembership" displayName="UserMobileOfflineProfileMembership" solution="MobileOfflineMembership (1.0.0.2)" />
        <Dependent type="1" schemaName="systemuser" displayName="User" />
      </MissingDependency>
      <MissingDependency>
        <Required type="10" schemaName="msdyn_msdyn_ocphonenumber_systemuser_phonenumberid" displayName="msdyn_msdyn_ocphonenumber_systemuser_phonenumberid" parentSchemaName="msdyn_ocphonenumber" parentDisplayName="Phone Number" solution="OmnichannelCommunicationBase (1.5.0.123)" />
        <Dependent type="10" schemaName="msdyn_msdyn_ocphonenumber_systemuser_phonenumberid" displayName="msdyn_msdyn_ocphonenumber_systemuser_phonenumberid" parentSchemaName="msdyn_ocphonenumber" parentDisplayName="Phone Number" />
      </MissingDependency>
      <MissingDependency>
        <Required type="10" schemaName="msdyn_msdyn_ocphonenumber_systemuser_phonenumberid" displayName="msdyn_msdyn_ocphonenumber_systemuser_phonenumberid" parentSchemaName="msdyn_ocphonenumber" parentDisplayName="Phone Number" solution="OmnichannelCommunicationBase (1.5.0.123)" />
        <Dependent type="2" schemaName="msdyn_phonenumberidname" parentSchemaName="systemuser" parentDisplayName="User" />
      </MissingDependency>
      <MissingDependency>
        <Required type="10" schemaName="msdyn_msdyn_presence_systemuser" displayName="msdyn_msdyn_presence_systemuser" parentSchemaName="msdyn_presence" parentDisplayName="Presence" solution="OmnichannelBase (1.5.0.383)" />
        <Dependent type="10" schemaName="msdyn_msdyn_presence_systemuser" displayName="msdyn_msdyn_presence_systemuser" parentSchemaName="msdyn_presence" parentDisplayName="Presence" />
      </MissingDependency>
      <MissingDependency>
        <Required type="10" schemaName="msdyn_msdyn_presence_systemuser" displayName="msdyn_msdyn_presence_systemuser" parentSchemaName="msdyn_presence" parentDisplayName="Presence" solution="OmnichannelBase (1.5.0.383)" />
        <Dependent type="2" schemaName="msdyn_defaultpresenceidusername" parentSchemaName="systemuser" parentDisplayName="User" />
      </MissingDependency>
      <MissingDependency>
        <Required type="10" schemaName="msdyusd_configuration_users" displayName="msdyusd_configuration_users" parentSchemaName="msdyusd_configuration" parentDisplayName="Configuration" solution="DynamicsUnifiedServiceDesk (4.1.1.1397)" />
        <Dependent type="10" schemaName="msdyusd_configuration_users" displayName="msdyusd_configuration_users" parentSchemaName="msdyusd_configuration" parentDisplayName="Configuration" />
      </MissingDependency>
      <MissingDependency>
        <Required type="10" schemaName="msdyusd_configuration_users" displayName="msdyusd_configuration_users" parentSchemaName="msdyusd_configuration" parentDisplayName="Configuration" solution="DynamicsUnifiedServiceDesk (4.1.1.1397)" />
        <Dependent type="2" schemaName="msdyusd_usdconfigurationidname" parentSchemaName="systemuser" parentDisplayName="User" />
      </MissingDependency>
      <MissingDependency>
        <Required type="10" schemaName="msdyusd_configuration_users" displayName="msdyusd_configuration_users" parentSchemaName="msdyusd_configuration" parentDisplayName="Configuration" solution="DynamicsUnifiedServiceDesk (4.1.1.1397)" />
        <Dependent type="60" displayName="Information" parentDisplayName="User" id="{c0d7d7dd-afd0-4675-85fe-1cc5a48be6df}" />
      </MissingDependency>
      <MissingDependency>
        <Required type="10" schemaName="msdyn_accountmanager_quote" displayName="msdyn_accountmanager_quote" parentSchemaName="systemuser" parentDisplayName="User" solution="ProjectService (3.10.0.31)" />
        <Dependent type="60" displayName="Information" parentDisplayName="User" id="{c0d7d7dd-afd0-4675-85fe-1cc5a48be6df}" />
      </MissingDependency>
      <MissingDependency>
        <Required type="10" schemaName="msdyn_accountmanager_salesorder" displayName="msdyn_accountmanager_salesorder" parentSchemaName="systemuser" parentDisplayName="User" solution="ProjectService (3.10.0.31)" />
        <Dependent type="60" displayName="Information" parentDisplayName="User" id="{c0d7d7dd-afd0-4675-85fe-1cc5a48be6df}" />
      </MissingDependency>
      <MissingDependency>
        <Required type="10" schemaName="msdyn_systemuser_msdyn_expense_manager" displayName="msdyn_systemuser_msdyn_expense_manager" parentSchemaName="systemuser" parentDisplayName="User" solution="ProjectService (3.10.0.31)" />
        <Dependent type="60" displayName="Information" parentDisplayName="User" id="{c0d7d7dd-afd0-4675-85fe-1cc5a48be6df}" />
      </MissingDependency>
      <MissingDependency>
        <Required type="10" schemaName="msdyn_systemuser_msdyn_project_projectmanager" displayName="msdyn_systemuser_msdyn_project_projectmanager" parentSchemaName="systemuser" parentDisplayName="User" solution="ProjectService (3.10.0.31)" />
        <Dependent type="60" displayName="Information" parentDisplayName="User" id="{c0d7d7dd-afd0-4675-85fe-1cc5a48be6df}" />
      </MissingDependency>
      <MissingDependency>
        <Required type="10" schemaName="msdyusd_systemuser_msdyusd_usersettings_User" displayName="msdyusd_systemuser_msdyusd_usersettings_User" parentSchemaName="systemuser" parentDisplayName="User" solution="DynamicsUnifiedServiceDesk (4.1.1.1397)" />
        <Dependent type="60" displayName="Information" parentDisplayName="User" id="{c0d7d7dd-afd0-4675-85fe-1cc5a48be6df}" />
      </MissingDependency>
      <MissingDependency>
        <Required type="2" schemaName="msdyn_name" displayName="Name" parentSchemaName="msdyn_ocphonenumber" parentDisplayName="Phone Number" solution="OmnichannelCommunicationBase (1.5.0.123)" />
        <Dependent type="10" schemaName="msdyn_msdyn_ocphonenumber_systemuser_phonenumberid" displayName="msdyn_msdyn_ocphonenumber_systemuser_phonenumberid" parentSchemaName="msdyn_ocphonenumber" parentDisplayName="Phone Number" />
      </MissingDependency>
      <MissingDependency>
        <Required type="2" schemaName="msdyn_ocphonenumberid" displayName="Phone number" parentSchemaName="msdyn_ocphonenumber" parentDisplayName="Phone Number" solution="OmnichannelCommunicationBase (1.5.0.123)" />
        <Dependent type="10" schemaName="msdyn_msdyn_ocphonenumber_systemuser_phonenumberid" displayName="msdyn_msdyn_ocphonenumber_systemuser_phonenumberid" parentSchemaName="msdyn_ocphonenumber" parentDisplayName="Phone Number" />
      </MissingDependency>
      <MissingDependency>
        <Required type="2" schemaName="msdyn_name" displayName="Name" parentSchemaName="msdyn_presence" parentDisplayName="Presence" solution="OmnichannelBase (1.5.0.383)" />
        <Dependent type="10" schemaName="msdyn_msdyn_presence_systemuser" displayName="msdyn_msdyn_presence_systemuser" parentSchemaName="msdyn_presence" parentDisplayName="Presence" />
      </MissingDependency>
      <MissingDependency>
        <Required type="2" schemaName="msdyn_presenceid" displayName="Presence" parentSchemaName="msdyn_presence" parentDisplayName="Presence" solution="OmnichannelBase (1.5.0.383)" />
        <Dependent type="10" schemaName="msdyn_msdyn_presence_systemuser" displayName="msdyn_msdyn_presence_systemuser" parentSchemaName="msdyn_presence" parentDisplayName="Presence" />
      </MissingDependency>
      <MissingDependency>
        <Required type="2" schemaName="msdyusd_configurationid" displayName="Configuration" parentSchemaName="msdyusd_configuration" parentDisplayName="Configuration" solution="DynamicsUnifiedServiceDesk (4.1.1.1397)" />
        <Dependent type="10" schemaName="msdyusd_configuration_users" displayName="msdyusd_configuration_users" parentSchemaName="msdyusd_configuration" parentDisplayName="Configuration" />
      </MissingDependency>
      <MissingDependency>
        <Required type="2" schemaName="msdyusd_name" displayName="Name" parentSchemaName="msdyusd_configuration" parentDisplayName="Configuration" solution="DynamicsUnifiedServiceDesk (4.1.1.1397)" />
        <Dependent type="10" schemaName="msdyusd_configuration_users" displayName="msdyusd_configuration_users" parentSchemaName="msdyusd_configuration" parentDisplayName="Configuration" />
      </MissingDependency>
      <MissingDependency>
        <Required type="2" schemaName="msdyn_defaultpresenceiduser" displayName="Default Presence" parentSchemaName="systemuser" parentDisplayName="User" solution="OmnichannelBase (1.5.0.383)" />
        <Dependent type="10" schemaName="msdyn_msdyn_presence_systemuser" displayName="msdyn_msdyn_presence_systemuser" parentSchemaName="msdyn_presence" parentDisplayName="Presence" />
      </MissingDependency>
      <MissingDependency>
        <Required type="2" schemaName="msdyn_phonenumberid" displayName="Phone Number" parentSchemaName="systemuser" parentDisplayName="User" solution="OmnichannelCommunicationBase (1.5.0.123)" />
        <Dependent type="10" schemaName="msdyn_msdyn_ocphonenumber_systemuser_phonenumberid" displayName="msdyn_msdyn_ocphonenumber_systemuser_phonenumberid" parentSchemaName="msdyn_ocphonenumber" parentDisplayName="Phone Number" />
      </MissingDependency>
      <MissingDependency>
        <Required type="2" schemaName="msdyusd_usdconfigurationid" displayName="Unified Service Desk Configuration" parentSchemaName="systemuser" parentDisplayName="User" solution="DynamicsUnifiedServiceDesk (4.1.1.1397)" />
        <Dependent type="10" schemaName="msdyusd_configuration_users" displayName="msdyusd_configuration_users" parentSchemaName="msdyusd_configuration" parentDisplayName="Configuration" />
      </MissingDependency>
      <MissingDependency>
        <Required type="2" schemaName="msdyusd_usdconfigurationid" displayName="Unified Service Desk Configuration" parentSchemaName="systemuser" parentDisplayName="User" solution="DynamicsUnifiedServiceDesk (4.1.1.1397)" />
        <Dependent type="60" displayName="Information" parentDisplayName="User" id="{c0d7d7dd-afd0-4675-85fe-1cc5a48be6df}" />
      </MissingDependency>
      <MissingDependency>
        <Required type="2" schemaName="siteid" displayName="Site" parentSchemaName="systemuser" parentDisplayName="User" solution="msdynce_Service (9.0.5.56)" />
        <Dependent type="60" displayName="Information" parentDisplayName="User" id="{c0d7d7dd-afd0-4675-85fe-1cc5a48be6df}" />
      </MissingDependency>
      <MissingDependency>
        <Required type="2" schemaName="territoryid" displayName="Territory" parentSchemaName="systemuser" parentDisplayName="User" solution="msdynce_AppCommon (9.0.4.0066)" />
        <Dependent type="60" displayName="Information" parentDisplayName="User" id="{c0d7d7dd-afd0-4675-85fe-1cc5a48be6df}" />
      </MissingDependency>
      <MissingDependency>
        <Required type="61" schemaName="msdyn_/ActivityFeeds.Form.js" displayName="msdyn_/ActivityFeeds.Form.js" solution="ActivityFeedsCore (9.0.0.0005)" />
        <Dependent type="60" displayName="Information" parentDisplayName="User" id="{c0d7d7dd-afd0-4675-85fe-1cc5a48be6df}" />
      </MissingDependency>
      <MissingDependency>
        <Required type="61" schemaName="msdyn_/RecordWall.htm" displayName="msdyn_/RecordWall.htm" solution="ActivityFeedsCore (9.0.0.0005)" />
        <Dependent type="60" displayName="Information" parentDisplayName="User" id="{c0d7d7dd-afd0-4675-85fe-1cc5a48be6df}" />
      </MissingDependency>
      <MissingDependency>
        <Required type="connectionreference" displayName="new_sharedsendmail_f245a" solution="Active" id.connectionreferencelogicalname="new_sharedsendmail_f245a" />
        <Dependent type="29" displayName="PetrolRecorder" id="{cd7c0c31-a32d-ec11-b6e5-000d3a27d6e2}" />
      </MissingDependency>
      <MissingDependency>
        <Required type="connectionreference" displayName="new_sharedwoi5fazure20maps5f4a4f297502bd21f1_12620" solution="Active" id.connectionreferencelogicalname="new_sharedwoi5fazure20maps5f4a4f297502bd21f1_12620" />
        <Dependent type="29" displayName="Get point details using Azure Maps" id="{d15bc12c-b52d-ec11-b6e5-000d3a27d6e2}" />
      </MissingDependency>
    </MissingDependencies>
  </SolutionManifest>
</ImportExportXml>