<environmentvariabledefinition schemaname="woi_deviceid">
  <defaultvalue>4394dadbd00c993e3372f51c351b6d092ecd83f6</defaultvalue>
  <description default="The device in the Office that's connected to Spotify">
    <label description="The device in the Office that's connected to Spotify" languagecode="1033" />
  </description>
  <displayname default="Spotify Device Id">
    <label description="Spotify Device Id" languagecode="1033" />
  </displayname>
  <introducedversion>1.0.0.0</introducedversion>
  <iscustomizable>1</iscustomizable>
  <isrequired>0</isrequired>
  <type>100000000</type>
</environmentvariabledefinition>