{"swagger":"2.0","info":{"title":"Default title","description":"","version":"1.0"},"host":"api.spotify.com","basePath":"/","schemes":["https"],"consumes":[],"produces":[],"paths":{"/v1/me/player/play":{"put":{"responses":{"default":{"description":"default","schema":{}}},"summary":"Start/Resume a User's Playback","description":"Start a new context or resume current playback on the user’s active device.","operationId":"MePlayerPlay","parameters":[{"name":"device_id","in":"query","required":false,"type":"string"},{"name":"body","in":"body","required":false,"schema":{"type":"object","properties":{"context_uri":{"type":"string","description":"context_uri"},"offset":{"type":"object","properties":{"position":{"type":"integer","format":"int32","description":"position"}},"description":"offset"},"position_ms":{"type":"integer","format":"int32","description":"position_ms"},"uris":{"type":"array","items":{"type":"string"},"description":"uris"}}}}]}},"/v1/me/player/devices":{"get":{"responses":{"default":{"description":"default","schema":{"type":"object","properties":{"devices":{"type":"array","items":{"type":"object","properties":{"id":{"type":"string","description":"id"},"is_active":{"type":"boolean","description":"is_active"},"is_private_session":{"type":"boolean","description":"is_private_session"},"is_restricted":{"type":"boolean","description":"is_restricted"},"name":{"type":"string","description":"name"},"type":{"type":"string","description":"type"},"volume_percent":{"type":"integer","format":"int32","description":"volume_percent"}}},"description":"devices"}}}}},"summary":"Get a User's Available Devices","operationId":"MePlayerDevices","description":"Get information about a user’s available devices.","parameters":[]}}},"definitions":{},"parameters":{},"responses":{},"securityDefinitions":{"undefined":{"type":"oauth2","flow":"accessCode","authorizationUrl":"https://accounts.spotify.com/authorize","tokenUrl":"https://accounts.spotify.com/api/token","scopes":{"user-read-currently-playing user-modify-playback-state playlist-modify-private playlist-read-collaborative playlist-read-private user-read-playback-state":"user-read-currently-playing user-modify-playback-state playlist-modify-private playlist-read-collaborative playlist-read-private user-read-playback-state"}}},"security":[{"undefined":["user-read-currently-playing user-modify-playback-state playlist-modify-private playlist-read-collaborative playlist-read-private user-read-playback-state"]}],"tags":[]}