{"swagger":"2.0","info":{"title":"Default title","description":"Azure Maps","version":"1.0"},"host":"atlas.microsoft.com","basePath":"/","schemes":["https"],"consumes":[],"produces":[],"paths":{"/search/poi/category/json":{"get":{"responses":{"default":{"description":"default","schema":{}}},"summary":"Get nearby petrol stations","operationId":"GetNearbyPetrolStations","parameters":[{"name":"query","in":"query","required":true,"type":"string","default":"Gas%20station","x-ms-visibility":"internal"},{"name":"lat","in":"query","required":true,"type":"number","description":"Latitude","x-ms-summary":"","x-ms-visibility":"important"},{"name":"lon","in":"query","required":true,"type":"number","description":"Longitude","x-ms-visibility":"important"},{"name":"api-version","in":"query","required":true,"type":"number","default":1,"x-ms-visibility":"internal","format":"float"},{"name":"radius","in":"query","required":false,"type":"integer","default":1000,"x-ms-visibility":"advanced"}]}}},"definitions":{},"parameters":{},"responses":{},"securityDefinitions":{"api_key":{"type":"apiKey","in":"query","name":"subscription-key"}},"security":[],"tags":[]}