{"token":{"type":"oauthSetting","oAuthSettings":{"identityProvider":"oauth2","clientId":"857f09eda7424ca498142e9f131c52bc","scopes":["user-read-currently-playing user-modify-playback-state playlist-modify-private playlist-read-collaborative playlist-read-private user-read-playback-state"],"redirectMode":"Global","redirectUrl":"https://global.consent.azure-apim.net/redirect","properties":{"IsFirstParty":"False","IsOnbehalfofLoginSupported":false},"customParameters":{"authorizationUrl":{"value":"https://accounts.spotify.com/authorize"},"tokenUrl":{"value":"https://accounts.spotify.com/api/token"},"refreshUrl":{"value":"https://accounts.spotify.com/api/token"}}}}}