<environmentvariabledefinition schemaname="woi_songuri">
  <defaultvalue>spotify:track:6FUwPb4mGlUDbx42uspXaZ</defaultvalue>
  <description default="The URI for the song to play">
    <label description="The URI for the song to play" languagecode="1033" />
  </description>
  <displayname default="Spotify Petrol Song Uri">
    <label description="Spotify Petrol Song Uri" languagecode="1033" />
  </displayname>
  <introducedversion>1.0.0.0</introducedversion>
  <iscustomizable>1</iscustomizable>
  <isrequired>0</isrequired>
  <type>100000000</type>
</environmentvariabledefinition>