{"properties":{"connectionReferences":{"shared_commondataserviceforapps":{"impersonation":{},"runtimeSource":"embedded","connection":{"connectionReferenceLogicalName":"new_sharedcommondataserviceforapps_a28dc"},"api":{"name":"shared_commondataserviceforapps"}},"shared_bingmaps":{"runtimeSource":"embedded","connection":{"connectionReferenceLogicalName":"woi_BingMaps_ref"},"api":{"name":"shared_bingmaps"}},"shared_sendmail":{"runtimeSource":"embedded","connection":{"connectionReferenceLogicalName":"new_sharedsendmail_f245a"},"api":{"name":"shared_sendmail"}},"shared_flic":{"runtimeSource":"embedded","connection":{"connectionReferenceLogicalName":"woi_Flic"},"api":{"name":"shared_flic"}}},"definition":{"$schema":"https://schema.management.azure.com/providers/Microsoft.Logic/schemas/2016-06-01/workflowdefinition.json#","contentVersion":"1.0.0.0","parameters":{"$connections":{"defaultValue":{},"type":"Object"},"$authentication":{"defaultValue":{},"type":"SecureObject"}},"staticResults":{"Get_location_by_point0":{"status":"Succeeded","outputs":{"statusCode":"OK","headers":{}}},"Check_if_petrol_station_is_present0":{"status":"Succeeded","outputs":{"statusCode":"OK","headers":{},"body":{"value":[{"@@@@search.score":13.009407043457031,"@@@@search.highlights":{"woi_name":["Brookfield BOTLEY, West End, {crmhit}SO30{/crmhit} {crmhit}3XH{/crmhit}"]},"@@@@search.entityname":"woi_petrolstation","@@@@search.objectid":"4f60a57a-ac2d-ec11-b6e5-000d3a27d6e2","ownerid":"0de40526-3724-ec11-b6e5-6045bd8b027b","owneridname":"System Administrator","@@@@search.ownerid.logicalname":"systemuser","@@@@search.objecttypecode":10814,"woi_name":"Brookfield BOTLEY, West End, SO30 3XH","createdon":"10/15/2021 11:38 AM","modifiedon":"10/15/2021 11:38 AM","woi_longitude":-1.32018,"woi_latitude":50.92637,"woi_address":"Brookfield BOTLEY, West End, SO30 3XH","woi_postalcode":"SO30 3XH"},{"@@@@search.score":12.753637313842773,"@@@@search.highlights":{"woi_name":["2 Hickley Farm Cottages BOTLEY, West End, {crmhit}SO30{/crmhit} {crmhit}3XH{/crmhit}"]},"@@@@search.entityname":"woi_petrolstation","@@@@search.objectid":"5d4b846c-ac2d-ec11-b6e5-000d3a27d6e2","ownerid":"0de40526-3724-ec11-b6e5-6045bd8b027b","owneridname":"System Administrator","@@@@search.ownerid.logicalname":"systemuser","@@@@search.objecttypecode":10814,"woi_name":"2 Hickley Farm Cottages BOTLEY, West End, SO30 3XH","createdon":"10/15/2021 11:38 AM","modifiedon":"10/15/2021 11:38 AM","woi_longitude":-1.31972,"woi_latitude":50.92403,"woi_address":"2 Hickley Farm Cottages BOTLEY, West End, SO30 3XH","woi_postalcode":"SO30 3XH"}],"totalrecordcount":0}}}},"triggers":{"When_a_Flic_is_pressed":{"type":"OpenApiConnectionWebhook","inputs":{"host":{"apiId":"/providers/Microsoft.PowerApps/apis/shared_flic","connectionName":"shared_flic","operationId":"FlicButtonTrigger"},"parameters":{"button_uuid":"any","Request body of webhook/events":"any"},"authentication":"@parameters('$authentication')"}}},"actions":{"Initialize_var_AvailabilityRecord":{"runAfter":{"Initialize_var_GasStationCoordinates":["Succeeded"]},"type":"InitializeVariable","inputs":{"variables":[{"name":"var_AvailabilityRecord","type":"string"}]}},"Initialize_var_PetrolStation":{"runAfter":{"Initialize_var_AvailabilityRecord":["Succeeded"]},"type":"InitializeVariable","inputs":{"variables":[{"name":"var_PetrolStation","type":"string"}]}},"Try":{"actions":{"Get_button_details":{"runAfter":{},"type":"OpenApiConnection","inputs":{"host":{"apiId":"/providers/Microsoft.PowerApps/apis/shared_commondataserviceforapps","connectionName":"shared_commondataserviceforapps","operationId":"ListRecords"},"parameters":{"entityName":"woi_buttons","$filter":"woi_buttonnumber eq '@{triggerOutputs()?['body/button_uuid']}'"},"authentication":"@parameters('$authentication')"}},"Get_buttons_owner":{"runAfter":{"Get_button_details":["Succeeded"]},"type":"OpenApiConnection","inputs":{"host":{"apiId":"/providers/Microsoft.PowerApps/apis/shared_commondataserviceforapps","connectionName":"shared_commondataserviceforapps","operationId":"GetItem"},"parameters":{"entityName":"systemusers","recordId":"@first(body('Get_button_details')?['value'])?['_ownerid_value']"},"authentication":"@parameters('$authentication')"}},"Get_location_by_point":{"runAfter":{"Get_buttons_owner":["Succeeded"]},"type":"OpenApiConnection","inputs":{"host":{"apiId":"/providers/Microsoft.PowerApps/apis/shared_bingmaps","connectionName":"shared_bingmaps","operationId":"GetLocationByPoint"},"parameters":{"latitude":"@float(triggerOutputs()?['body/latitude'])","longitude":"@float(triggerOutputs()?['body/longitude'])","includeNeighborhood":true,"include":true},"authentication":"@parameters('$authentication')"},"description":"https://docs.microsoft.com/en-us/bingmaps/spatial-data-services/public-data-sources/poi-entity-types --> 5540","runtimeConfiguration":{"staticResult":{"staticResultOptions":"Enabled","name":"Get_location_by_point0"}}},"Set_petrol_station_id":{"runAfter":{"List_rows":["Succeeded"]},"type":"SetVariable","inputs":{"name":"var_PetrolStation","value":"@{first(body('List_rows')?['value'])?['woi_petrolstationid']}"},"description":"first(body('List_rows')?['value'])?['woi_petrolstationid']"},"Switch_based_on_click_type":{"runAfter":{"If_no_station_is_found":["Succeeded"]},"cases":{"click":{"case":"click","actions":{"Petrol_present":{"runAfter":{},"type":"OpenApiConnection","inputs":{"host":{"apiId":"/providers/Microsoft.PowerApps/apis/shared_commondataserviceforapps","connectionName":"shared_commondataserviceforapps","operationId":"CreateRecord"},"parameters":{"entityName":"woi_availabilities","item/ownerid@odata.bind":"@outputs('Get_buttons_owner')?['body/@odata.id']","item/woi_Reportedby@odata.bind":"@outputs('Get_buttons_owner')?['body/@odata.id']","item/woi_status":100000000},"authentication":"@parameters('$authentication')"}},"Set_variable":{"runAfter":{"Update_a_row":["Succeeded"]},"type":"SetVariable","inputs":{"name":"var_AvailabilityRecord","value":"@outputs('Petrol_present')?['body/@odata.id']"}},"Update_a_row":{"runAfter":{"Petrol_present":["Succeeded"]},"type":"OpenApiConnection","inputs":{"host":{"apiId":"/providers/Microsoft.PowerApps/apis/shared_commondataserviceforapps","connectionName":"shared_commondataserviceforapps","operationId":"UpdateRecord"},"parameters":{"entityName":"woi_petrolstations","recordId":"@variables('var_PetrolStation')","item/woi_petrolstatus":100000000},"authentication":"@parameters('$authentication')"}}}},"double_click":{"case":"double click","actions":{"No_petrol":{"runAfter":{},"type":"OpenApiConnection","inputs":{"host":{"apiId":"/providers/Microsoft.PowerApps/apis/shared_commondataserviceforapps","connectionName":"shared_commondataserviceforapps","operationId":"CreateRecord"},"parameters":{"entityName":"woi_availabilities","item/ownerid@odata.bind":"@outputs('Get_buttons_owner')?['body/@odata.id']","item/woi_Reportedby@odata.bind":"@outputs('Get_buttons_owner')?['body/@odata.id']","item/woi_status":100000001},"authentication":"@parameters('$authentication')"}},"Set_variable_2":{"runAfter":{"Update_a_row_2":["Succeeded"]},"type":"SetVariable","inputs":{"name":"var_AvailabilityRecord","value":"@outputs('No_petrol')?['body/@odata.id']"}},"Update_a_row_2":{"runAfter":{"No_petrol":["Succeeded"]},"type":"OpenApiConnection","inputs":{"host":{"apiId":"/providers/Microsoft.PowerApps/apis/shared_commondataserviceforapps","connectionName":"shared_commondataserviceforapps","operationId":"UpdateRecord"},"parameters":{"entityName":"woi_petrolstations","recordId":"@variables('var_PetrolStation')","item/woi_petrolstatus":100000001},"authentication":"@parameters('$authentication')"}}}},"hold":{"case":"hold","actions":{"Issue":{"runAfter":{},"type":"OpenApiConnection","inputs":{"host":{"apiId":"/providers/Microsoft.PowerApps/apis/shared_commondataserviceforapps","connectionName":"shared_commondataserviceforapps","operationId":"CreateRecord"},"parameters":{"entityName":"woi_availabilities","item/ownerid@odata.bind":"@outputs('Get_buttons_owner')?['body/@odata.id']","item/woi_Reportedby@odata.bind":"@outputs('Get_buttons_owner')?['body/@odata.id']","item/woi_status":100000002},"authentication":"@parameters('$authentication')"}},"Set_variable_3":{"runAfter":{"Update_a_row_3":["Succeeded"]},"type":"SetVariable","inputs":{"name":"var_AvailabilityRecord","value":"@outputs('Issue')?['body/@odata.id']"}},"Update_a_row_3":{"runAfter":{"Issue":["Succeeded"]},"type":"OpenApiConnection","inputs":{"host":{"apiId":"/providers/Microsoft.PowerApps/apis/shared_commondataserviceforapps","connectionName":"shared_commondataserviceforapps","operationId":"UpdateRecord"},"parameters":{"entityName":"woi_petrolstations","recordId":"@variables('var_PetrolStation')","item/woi_petrolstatus":100000002},"authentication":"@parameters('$authentication')"}}}}},"default":{"actions":{}},"expression":"@triggerOutputs()?['body/click_type']","type":"Switch"},"Relate_rows":{"runAfter":{"Switch_based_on_click_type":["Succeeded"]},"type":"OpenApiConnection","inputs":{"host":{"apiId":"/providers/Microsoft.PowerApps/apis/shared_commondataserviceforapps","connectionName":"shared_commondataserviceforapps","operationId":"AssociateEntities"},"parameters":{"entityName":"woi_petrolstations","recordId":"@variables('var_PetrolStation')","associationEntityRelationship":"woi_PetrolStation_Availability","item/@odata.id":"@variables('var_AvailabilityRecord')"},"authentication":"@parameters('$authentication')"}},"Get_random_petrol_station":{"runAfter":{"Get_location_by_point":["Succeeded"]},"type":"Compose","inputs":"@split(variables('var_GasStationCoordinates')?[rand(1, 10)], ',')","description":"split(variables('var_GasStationCoordinates')?[rand(1, 10)], ',')"},"Run_a_Child_Flow":{"runAfter":{"Get_random_petrol_station":["Succeeded"]},"type":"Workflow","inputs":{"host":{"workflowReferenceName":"d15bc12c-b52d-ec11-b6e5-000d3a27d6e2"},"body":{"text":"@outputs('Get_random_petrol_station')?[0]","text_1":"@outputs('Get_random_petrol_station')?[1]","location":{"coordinates":{"latitude":"@float(outputs('Get_random_petrol_station')?[0])","longitude":"@float(outputs('Get_random_petrol_station')?[1])"}}}}},"Parse_JSON":{"runAfter":{"Run_a_Child_Flow":["Succeeded"]},"type":"ParseJson","inputs":{"content":"@replace(body('Run_a_Child_Flow')?['body'], '\\\"', '\"')","schema":{"type":"object","properties":{"summary":{"type":"object","properties":{"query":{"type":"string"},"queryType":{"type":"string"},"queryTime":{"type":"integer"},"numResults":{"type":"integer"},"offset":{"type":"integer"},"totalResults":{"type":"integer"},"fuzzyLevel":{"type":"integer"},"geoBias":{"type":"object","properties":{"lat":{"type":"number"},"lon":{"type":"number"}}}}},"results":{"type":"array","items":{"type":"object","properties":{"type":{"type":"string"},"id":{"type":"string"},"score":{"type":"number"},"dist":{"type":"number"},"info":{"type":"string"},"poi":{"type":"object","properties":{"name":{"type":"string"},"phone":{"type":"string"},"brands":{"type":"array","items":{"type":"object","properties":{"name":{"type":"string"}},"required":["name"]}},"categorySet":{"type":"array","items":{"type":"object","properties":{"id":{"type":"integer"}},"required":["id"]}},"categories":{"type":"array","items":{"type":"string"}},"classifications":{"type":"array","items":{"type":"object","properties":{"code":{"type":"string"},"names":{"type":"array","items":{"type":"object","properties":{"nameLocale":{"type":"string"},"name":{"type":"string"}},"required":["nameLocale","name"]}}},"required":["code","names"]}}}},"address":{"type":"object","properties":{"streetName":{"type":"string"},"municipalitySubdivision":{"type":"string"},"municipality":{"type":"string"},"countrySecondarySubdivision":{"type":"string"},"countrySubdivision":{"type":"string"},"countrySubdivisionName":{"type":"string"},"postalCode":{"type":"string"},"extendedPostalCode":{"type":"string"},"countryCode":{"type":"string"},"country":{"type":"string"},"countryCodeISO3":{"type":"string"},"freeformAddress":{"type":"string"},"localName":{"type":"string"}}},"position":{"type":"object","properties":{"lat":{"type":"number"},"lon":{"type":"number"}}},"viewport":{"type":"object","properties":{"topLeftPoint":{"type":"object","properties":{"lat":{"type":"number"},"lon":{"type":"number"}}},"btmRightPoint":{"type":"object","properties":{"lat":{"type":"number"},"lon":{"type":"number"}}}}},"entryPoints":{"type":"array","items":{"type":"object","properties":{"type":{"type":"string"},"position":{"type":"object","properties":{"lat":{"type":"number"},"lon":{"type":"number"}}}},"required":["type","position"]}}},"required":["type","id","score","dist","info","poi","address","position","viewport","entryPoints"]}}}}}},"Check_if_petrol_station_is_present":{"runAfter":{"Parse_JSON":["Succeeded"]},"type":"OpenApiConnection","inputs":{"host":{"apiId":"/providers/Microsoft.PowerApps/apis/shared_commondataserviceforapps","connectionName":"shared_commondataserviceforapps","operationId":"GetRelevantRows"},"parameters":{"SearchRequest/search":"@replace(first(body('Parse_JSON')?['results'])?['address']?['extendedPostalCode'], ' ', '+')","SearchRequest/searchtype":"full","SearchRequest/searchmode":"all","SearchRequest/filter":"woi_postalcode eq '@{first(body('Parse_JSON')?['results'])?['address']?['extendedPostalCode']}'","SearchRequest/entities":["woi_petrolstation"],"SearchRequest/returntotalrecordcount":true},"authentication":"@parameters('$authentication')"},"description":"replace(first(body('Parse_JSON')?['results'])?['address']?['extendedPostalCode'], ' ', '+')","runtimeConfiguration":{"staticResult":{"staticResultOptions":"Enabled","name":"Check_if_petrol_station_is_present0"}}},"List_rows":{"runAfter":{"Check_if_petrol_station_is_present":["Succeeded"]},"type":"OpenApiConnection","inputs":{"host":{"apiId":"/providers/Microsoft.PowerApps/apis/shared_commondataserviceforapps","connectionName":"shared_commondataserviceforapps","operationId":"ListRecords"},"parameters":{"entityName":"woi_petrolstations","$filter":"woi_postalcode eq '@{first(body('Parse_JSON')?['results'])?['address']?['extendedPostalCode']}'"},"authentication":"@parameters('$authentication')"}},"If_no_station_is_found":{"actions":{"Create_new_station":{"runAfter":{},"type":"OpenApiConnection","inputs":{"host":{"apiId":"/providers/Microsoft.PowerApps/apis/shared_commondataserviceforapps","connectionName":"shared_commondataserviceforapps","operationId":"CreateRecord"},"parameters":{"entityName":"woi_petrolstations","item/woi_address":"@first(body('Parse_JSON')?['results'])?['address']?['freeformAddress']","item/woi_latitude":"@body('Parse_JSON')?['summary']?['geoBias']?['lat']","item/woi_longitude":"@body('Parse_JSON')?['summary']?['geoBias']?['lon']","item/woi_name":"@{first(body('Parse_JSON')?['results'])?['poi']?['name']} @{first(body('Parse_JSON')?['results'])?['poi']?['brands']?[0]?['name']}","item/ownerid@odata.bind":"@outputs('Get_buttons_owner')?['body/@odata.id']","item/woi_petrolstatus":100000000,"item/woi_postalcode":"@first(body('Parse_JSON')?['results'])?['address']?['extendedPostalCode']","item/statuscode":1},"authentication":"@parameters('$authentication')"}},"Set_petrol_station_id_2":{"runAfter":{"Create_new_station":["Succeeded"]},"type":"SetVariable","inputs":{"name":"var_PetrolStation","value":"@outputs('Create_new_station')?['body/woi_petrolstationid']"}}},"runAfter":{"Set_petrol_station_id":["Succeeded"]},"expression":{"equals":["@empty(variables('var_PetrolStation'))","@true"]},"type":"If"}},"runAfter":{"Initialize_var_ErrorDetails":["Succeeded"]},"type":"Scope"},"Catch":{"actions":{"Filter_array":{"runAfter":{},"type":"Query","inputs":{"from":"@result('Try')","where":"@equals(createArray('Failed', 'TimedOut'), '')"}},"For_each_found_error":{"foreach":"@body('Filter_array')","actions":{"Append_to_string_variable":{"runAfter":{},"type":"AppendToStringVariable","inputs":{"name":"var_ErrorDetails","value":"Error found in action: <b>@{items('For_each_found_error')['name']}</b><br/>\nError reason: <b>@{items('For_each_found_error')['error']['code']}</b><br/>\nError details: <br/>\n@{items('For_each_found_error')['error']['message']}\n"}}},"runAfter":{"Filter_array":["Succeeded"]},"type":"Foreach"},"Terminate":{"runAfter":{"Send_an_email_notification_(V3)":["Succeeded"]},"type":"Terminate","inputs":{"runStatus":"Failed"}},"Send_an_email_notification_(V3)":{"runAfter":{"For_each_found_error":["Succeeded"]},"type":"OpenApiConnection","inputs":{"host":{"apiId":"/providers/Microsoft.PowerApps/apis/shared_sendmail","connectionName":"shared_sendmail","operationId":"SendEmailV3"},"parameters":{"request/to":"admin@CRM124074.OnMicrosoft.com;","request/subject":"Error in Flow: @{workflow()['tags']['flowDisplayName']}!  ","request/text":"Dear administrator!\n<br/><br/>\nPlease have a look at the Flow: <a href=\"https://us.flow.microsoft.com/manage/environments/@{workflow()['tags']['environmentName']}/flows/@{workflow()['name']}/details\">@{workflow()['tags']['flowDisplayName']}</a>.<br/><br/>Error details:<br/>\n@{variables('var_ErrorDetails')}\n<br/><br/><br/>\n* This is an automated message"},"authentication":"@parameters('$authentication')"}}},"runAfter":{"Try":["TimedOut","Skipped","Failed"]},"type":"Scope"},"Initialize_var_ErrorDetails":{"runAfter":{"Initialize_var_PetrolStation":["Succeeded"]},"type":"InitializeVariable","inputs":{"variables":[{"name":"var_ErrorDetails","type":"string"}]}},"Initialize_var_GasStationCoordinates":{"runAfter":{},"type":"InitializeVariable","inputs":{"variables":[{"name":"var_GasStationCoordinates","type":"array","value":"@split('50.91539776593342,-1.336573142896457;50.93449588838719,-1.348160285740925;50.917399919967,-1.290482063581795;50.916696470133466,-1.2605271532013875;50.95245070843612,-1.2941727829702783;50.915285203967926,-1.3887675580807106;50.94221342429022,-1.399742476924099;50.92105434591818,-1.3790788785294628;50.87129635659748,-1.4048230651066422;50.9206683907026, -1.46215796474417;50.93722228081756,-1.4808690547669614', ';')"}]}}}}},"schemaVersion":"1.0.0.0"}