{"properties":{"connectionReferences":{"shared_woi-5fspotify-5f4a4f297502bd21f1":{"runtimeSource":"embedded","connection":{"connectionReferenceLogicalName":"woi_sharedwoi5fspotify5f4a4f297502bd21f1_bbec8"},"api":{"name":"shared_woi-5Fspotify-5F4a4f297502bd21f1","logicalName":"woi_5Fspotify"}},"shared_commondataserviceforapps":{"runtimeSource":"embedded","connection":{"connectionReferenceLogicalName":"woi_sharedcommondataserviceforapps_f5e12"},"api":{"name":"shared_commondataserviceforapps"}}},"definition":{"$schema":"https://schema.management.azure.com/providers/Microsoft.Logic/schemas/2016-06-01/workflowdefinition.json#","contentVersion":"1.0.0.0","parameters":{"$connections":{"defaultValue":{},"type":"Object"},"$authentication":{"defaultValue":{},"type":"SecureObject"},"Spotify Device Id":{"defaultValue":"4394dadbd00c993e3372f51c351b6d092ecd83f6","type":"String","metadata":{"schemaName":"woi_deviceid","description":"The device in the Office that's connected to Spotify"}},"Spotify Petrol Song Uri":{"defaultValue":"spotify:track:6FUwPb4mGlUDbx42uspXaZ","type":"String","metadata":{"schemaName":"woi_songuri","description":"The URI for the song to play"}},"Spotify Issue Song Uri":{"defaultValue":"spotify:track:0R8P9KfGJCDULmlEoBagcO","type":"String","metadata":{"schemaName":"woi_SpotifyIssueSongUri","description":"The song to play when a driver has an issue"}}},"triggers":{"When_fuel_is_available_somewhere":{"type":"OpenApiConnectionWebhook","inputs":{"host":{"connectionName":"shared_commondataserviceforapps","operationId":"SubscribeWebhookTrigger","apiId":"/providers/Microsoft.PowerApps/apis/shared_commondataserviceforapps"},"parameters":{"subscriptionRequest/message":1,"subscriptionRequest/entityname":"woi_availability","subscriptionRequest/scope":4,"subscriptionRequest/filterexpression":"woi_status eq 100000000 or woi_status eq 100000002"},"authentication":"@parameters('$authentication')"}}},"actions":{"Get_a_User's_Available_Devices":{"runAfter":{},"type":"OpenApiConnection","inputs":{"host":{"connectionName":"shared_woi-5fspotify-5f4a4f297502bd21f1","operationId":"MePlayerDevices","apiId":""},"parameters":{},"authentication":"@parameters('$authentication')"}},"Filter_array_for_configured_device":{"runAfter":{"SongUri":["Succeeded"]},"type":"Query","inputs":{"from":"@outputs('Get_a_User''s_Available_Devices')?['body/devices']","where":"@equals(item()?['id'], parameters('Spotify Device Id'))"}},"Terminate_if_device_is_not_connected":{"actions":{},"runAfter":{"Filter_array_for_configured_device":["Succeeded"]},"else":{"actions":{"Terminate":{"runAfter":{},"type":"Terminate","inputs":{"runStatus":"Cancelled"}}}},"expression":{"equals":["@length(body('Filter_array_for_configured_device'))",1]},"type":"If"},"Switch_on_Status":{"runAfter":{"Terminate_if_device_is_not_connected":["Succeeded"]},"cases":{"Petrol_available":{"case":100000000,"actions":{"Set_songUri_to_Petrol_song":{"runAfter":{},"type":"SetVariable","inputs":{"name":"SongUri","value":"@parameters('Spotify Petrol Song Uri')"}}}},"Driver_in_trouble":{"case":100000002,"actions":{"Set_songUri_to_Issue_song":{"runAfter":{},"type":"SetVariable","inputs":{"name":"SongUri","value":"@parameters('Spotify Issue Song Uri')"}}}}},"default":{"actions":{"This_should_not_happen":{"runAfter":{},"type":"Terminate","inputs":{"runStatus":"Failed","runError":{"code":"500","message":"This should not happen!"}}}}},"expression":"@triggerOutputs()?['body/woi_status']","type":"Switch"},"Start_Resume_a_User's_Playback":{"runAfter":{"Switch_on_Status":["Succeeded"]},"type":"OpenApiConnection","inputs":{"host":{"connectionName":"shared_woi-5fspotify-5f4a4f297502bd21f1","operationId":"MePlayerPlay","apiId":""},"parameters":{"device_id":"@parameters('Spotify Device Id')","body/uris":["@variables('SongUri')"]},"authentication":"@parameters('$authentication')"}},"SongUri":{"runAfter":{"Get_a_User's_Available_Devices":["Succeeded"]},"type":"InitializeVariable","inputs":{"variables":[{"name":"SongUri","type":"string"}]}}},"outputs":{}}},"schemaVersion":"1.0.0.0"}